"position","const","created","modified","description","Title","Title type","Directors","You rated","IMDb Rating","Runtime (mins)","Year","Genres","Num. Votes","Release Date (month/day/year)","URL"
"1","tt0290661","Mon Sep 24 03:14:35 2012","Mon Sep 24 03:14:35 2012","","Dog Days","Feature Film","Ulrich Seidl","","7.1","121","2001","drama","5090","2001-09-03","http://www.imdb.com/title/tt0290661/"
"2","tt1149362","Mon Sep 24 03:16:28 2012","Mon Sep 24 03:16:28 2012","","The White Ribbon","Feature Film","Michael Haneke","","7.8","144","2009","drama, mystery","54962","2009-05-21","http://www.imdb.com/title/tt1149362/"
"3","tt0082096","Mon Sep 24 03:16:40 2012","Mon Sep 24 03:16:40 2012","","Das Boot","Feature Film","Wolfgang Petersen","","8.4","149","1981","adventure, drama, thriller, war","174988","1981-09-17","http://www.imdb.com/title/tt0082096/"
"4","tt0347048","Mon Sep 24 03:18:00 2012","Mon Sep 24 03:18:00 2012","","Head-On","Feature Film","Fatih Akin","","8.0","121","2004","drama, romance","41979","2004-02-12","http://www.imdb.com/title/tt0347048/"
"5","tt0098904","Wed Sep 26 01:13:05 2012","Wed Sep 26 01:13:05 2012","","Seinfeld","TV Series","","","8.9","22","1989","comedy","181962","1989-07-05","http://www.imdb.com/title/tt0098904/"
"6","tt1549572","Wed Sep 26 11:23:01 2012","Wed Sep 26 11:23:01 2012","","Another Earth","Feature Film","Mike Cahill","","7.0","92","2011","drama, romance, sci_fi","75250","2011-01-24","http://www.imdb.com/title/tt1549572/"
"7","tt0047834","Fri Sep 28 06:54:21 2012","Fri Sep 28 06:54:21 2012","","Animal Farm","Feature Film","Joy Batchelor, John Halas","","7.2","72","1954","animation, drama","10837","1954-12-29","http://www.imdb.com/title/tt0047834/"
"8","tt0106519","Fri Sep 28 12:25:50 2012","Fri Sep 28 12:25:50 2012","","Carlito's Way","Feature Film","Brian De Palma","","7.9","144","1993","crime, drama, thriller","167580","1993-11-07","http://www.imdb.com/title/tt0106519/"
"9","tt0254686","Thu Oct  4 00:25:11 2012","Thu Oct  4 00:25:11 2012","","The Piano Teacher","Feature Film","Michael Haneke","","7.4","131","2001","drama, music, romance","40507","2001-05-14","http://www.imdb.com/title/tt0254686/"
"10","tt0419677","Tue Oct 16 09:16:13 2012","Tue Oct 16 09:16:13 2012","","Dead Man's Shoes","Feature Film","Shane Meadows","","7.7","90","2004","crime, drama, thriller","41114","2004-08-20","http://www.imdb.com/title/tt0419677/"
"11","tt0780180","Wed Oct 17 07:39:34 2012","Wed Oct 17 07:39:34 2012","","Grave Decisions","Feature Film","Marcus Hausham Rosenmüller","","7.6","104","2006","comedy, drama","4807","2006-08-17","http://www.imdb.com/title/tt0780180/"
"12","tt1827487","Thu Oct 18 02:58:09 2012","Thu Oct 18 02:58:09 2012","","Once Upon a Time in Anatolia","Feature Film","Nuri Bilge Ceylan","","7.8","157","2011","crime, drama","27783","2011-05-21","http://www.imdb.com/title/tt1827487/"
"13","tt0363163","Sat Oct 20 00:47:32 2012","Sat Oct 20 00:47:32 2012","","Downfall","Feature Film","Oliver Hirschbiegel","8","8.3","156","2004","biography, drama, history, war","258700","2004-09-08","http://www.imdb.com/title/tt0363163/"
"14","tt0117407","Wed Nov  7 22:44:28 2012","Wed Nov  7 22:44:28 2012","","Pusher","Feature Film","Nicolas Winding Refn","","7.4","110","1996","crime, thriller","27202","1996-08-30","http://www.imdb.com/title/tt0117407/"
"15","tt0396184","Wed Nov  7 22:44:37 2012","Wed Nov  7 22:44:37 2012","","With Blood on My Hands: Pusher II","Feature Film","Nicolas Winding Refn","","7.4","100","2004","action, crime, drama","14142","2004-12-25","http://www.imdb.com/title/tt0396184/"
"16","tt0272152","Sun Dec  2 06:46:12 2012","Sun Dec  2 06:46:12 2012","","K-PAX","Feature Film","Iain Softley","","7.4","120","2001","drama, sci_fi","153102","2001-10-22","http://www.imdb.com/title/tt0272152/"
"17","tt0080678","Wed Dec 12 12:28:41 2012","Wed Dec 12 12:28:41 2012","","The Elephant Man","Feature Film","David Lynch","","8.2","124","1980","biography, drama","168850","1980-10-02","http://www.imdb.com/title/tt0080678/"
"18","tt0795368","Sat Dec 22 05:18:23 2012","Sat Dec 22 05:18:23 2012","","Death at a Funeral","Feature Film","Frank Oz","","7.4","87","2007","comedy","92150","2007-03-02","http://www.imdb.com/title/tt0795368/"
"19","tt0338751","Tue Jan  8 02:28:43 2013","Tue Jan  8 02:28:43 2013","","The Aviator","Feature Film","Martin Scorsese","","7.5","170","2004","biography, drama","273424","2004-12-14","http://www.imdb.com/title/tt0338751/"
"20","tt1045658","Sat Jan 12 10:06:03 2013","Sat Jan 12 10:06:03 2013","","Silver Linings Playbook","Feature Film","David O. Russell","","7.8","122","2012","comedy, drama, romance","553106","2012-09-08","http://www.imdb.com/title/tt1045658/"
"21","tt1226774","Sat Feb  2 02:30:36 2013","Sat Feb  2 02:30:36 2013","","In the Loop","Feature Film","Armando Iannucci","","7.5","106","2009","comedy","45438","2009-01-22","http://www.imdb.com/title/tt1226774/"
"22","tt0086551","Tue Feb 19 03:08:14 2013","Tue Feb 19 03:08:14 2013","","Confidentially Yours","Feature Film","François Truffaut","","7.4","110","1983","comedy, crime, mystery, thriller","4329","1983-08-05","http://www.imdb.com/title/tt0086551/"
"23","tt0060390","Tue Feb 19 03:08:32 2013","Tue Feb 19 03:08:32 2013","","Fahrenheit 451","Feature Film","François Truffaut","","7.3","112","1966","drama, sci_fi","33775","1966-09-07","http://www.imdb.com/title/tt0060390/"
"24","tt0082933","Mon Feb 25 09:45:00 2013","Mon Feb 25 09:45:00 2013","","Possession","Feature Film","Andrzej Zulawski","","7.4","124","1981","drama, horror","14793","1981-05-25","http://www.imdb.com/title/tt0082933/"
"25","tt2179121","Thu Mar  7 06:43:17 2013","Thu Mar  7 06:43:17 2013","","What's in a Name?","Feature Film","Alexandre de La Patellière, Matthieu Delaporte","","7.3","109","2012","comedy, drama","11001","2012-04-23","http://www.imdb.com/title/tt2179121/"
"26","tt0057344","Sun Mar 10 01:12:32 2013","Sun Mar 10 01:12:32 2013","","Any Number Can Win","Feature Film","Henri Verneuil","","7.4","118","1963","crime, drama, romance","2009","1963-03-19","http://www.imdb.com/title/tt0057344/"
"27","tt0096438","Tue Mar 12 03:48:15 2013","Tue Mar 12 03:48:15 2013","","Who Framed Roger Rabbit","Feature Film","Robert Zemeckis","","7.7","104","1988","animation, adventure, comedy, crime, family, fantasy, mystery","146001","1988-06-21","http://www.imdb.com/title/tt0096438/"
"28","tt1379182","Mon Apr  1 05:20:00 2013","Mon Apr  1 05:20:00 2013","","Dogtooth","Feature Film","Yorgos Lanthimos","","7.3","94","2009","drama, thriller","48665","2009-05-18","http://www.imdb.com/title/tt1379182/"
"29","tt0213847","Wed Apr  3 08:31:36 2013","Wed Apr  3 08:31:36 2013","","Malèna","Feature Film","Giuseppe Tornatore","","7.5","109","2000","comedy, drama, romance, war","68483","2000-10-27","http://www.imdb.com/title/tt0213847/"
"30","tt0100263","Sun Apr  7 14:55:10 2013","Sun Apr  7 14:55:10 2013","","La Femme Nikita","Feature Film","Luc Besson","","7.4","117","1990","action, thriller","56385","1990-02-21","http://www.imdb.com/title/tt0100263/"
"31","tt0053198","Sun Apr  7 15:04:42 2013","Sun Apr  7 15:04:42 2013","","The 400 Blows","Feature Film","François Truffaut","","8.1","99","1959","crime, drama","73451","1959-05-04","http://www.imdb.com/title/tt0053198/"
"32","tt1235166","Sun Apr  7 15:18:13 2013","Sun Apr  7 15:18:13 2013","","A Prophet","Feature Film","Jacques Audiard","","7.9","155","2009","crime, drama","80423","2009-05-16","http://www.imdb.com/title/tt1235166/"
"33","tt0112681","Mon Apr  8 02:25:28 2013","Mon Apr  8 02:25:28 2013","","Citizen X","TV Movie","Chris Gerolmo","","7.6","105","1995","biography, crime, drama, history, thriller","12620","1995-02-25","http://www.imdb.com/title/tt0112681/"
"34","tt0090563","Mon Apr  8 07:30:37 2013","Mon Apr  8 07:30:37 2013","","Betty Blue","Feature Film","Jean-Jacques Beineix","","7.4","120","1986","drama, romance","13913","1986-04-09","http://www.imdb.com/title/tt0090563/"
"35","tt0086420","Thu Apr 11 00:07:31 2013","Thu Apr 11 00:07:31 2013","","So Long, Stooge","Feature Film","Claude Berri","","7.4","100","1983","drama","1816","1983-12-21","http://www.imdb.com/title/tt0086420/"
"36","tt0110932","Sat Apr 13 19:35:16 2013","Sat Apr 13 19:35:16 2013","","Quiz Show","Feature Film","Robert Redford","","7.5","133","1994","biography, drama, history","55250","1994-09-23","http://www.imdb.com/title/tt0110932/"
"37","tt0243862","Thu Apr 18 03:07:20 2013","Thu Apr 18 03:07:20 2013","","Italian for Beginners","Feature Film","Lone Scherfig","","7.1","112","2000","comedy, drama, romance","11560","2000-12-08","http://www.imdb.com/title/tt0243862/"
"38","tt0036775","Fri May  3 04:50:38 2013","Fri May  3 04:50:38 2013","","Double Indemnity","Feature Film","Billy Wilder","","8.4","107","1944","crime, drama, film_noir, mystery, thriller","102293","1944-04-21","http://www.imdb.com/title/tt0036775/"
"39","tt0033467","Thu May  9 16:28:46 2013","Thu May  9 16:28:46 2013","","Citizen Kane","Feature Film","Orson Welles","","8.4","119","1941","drama, mystery","309462","1941-05-01","http://www.imdb.com/title/tt0033467/"
"40","tt0052618","Sun May 12 11:50:15 2013","Sun May 12 11:50:15 2013","","Ben-Hur","Feature Film","William Wyler","","8.1","212","1959","adventure, drama, history","168965","1959-11-18","http://www.imdb.com/title/tt0052618/"
"41","tt0022100","Sun May 26 16:15:15 2013","Sun May 26 16:15:15 2013","","M","Feature Film","Fritz Lang","","8.4","117","1931","crime, drama, mystery, thriller","103358","1931-05-11","http://www.imdb.com/title/tt0022100/"
"42","tt0046268","Mon May 27 05:57:19 2013","Mon May 27 05:57:19 2013","","The Wages of Fear","Feature Film","Henri-Georges Clouzot","","8.2","131","1953","adventure, drama, thriller","37079","1953-04-15","http://www.imdb.com/title/tt0046268/"
"43","tt0157016","Fri May 31 06:14:22 2013","Fri May 31 06:14:22 2013","","I Stand Alone","Feature Film","Gaspar Noé","","7.5","93","1998","crime, drama, thriller","14670","1998-05-16","http://www.imdb.com/title/tt0157016/"
"44","tt0038787","Wed Jun  5 03:37:43 2013","Wed Jun  5 03:37:43 2013","","Notorious","Feature Film","Alfred Hitchcock","","8.0","101","1946","drama, film_noir, romance, thriller","75791","1946-08-15","http://www.imdb.com/title/tt0038787/"
"45","tt0068473","Sat Jun  8 06:07:53 2013","Sat Jun  8 06:07:53 2013","","Deliverance","Feature Film","John Boorman","","7.7","109","1972","adventure, drama, mystery, thriller","80939","1972-07-30","http://www.imdb.com/title/tt0068473/"
"46","tt0061065","Sun Jun  9 15:56:19 2013","Sun Jun  9 15:56:19 2013","","The Face of Another","Feature Film","Hiroshi Teshigahara","","8.0","124","1966","drama, sci_fi","4745","1966-07-15","http://www.imdb.com/title/tt0061065/"
"47","tt0093779","Mon Jun 10 04:11:19 2013","Mon Jun 10 04:11:19 2013","","The Princess Bride","Feature Film","Rob Reiner","","8.1","98","1987","adventure, family, fantasy, romance","305936","1987-09-18","http://www.imdb.com/title/tt0093779/"
"48","tt0121164","Thu Jun 13 23:36:48 2013","Thu Jun 13 23:36:48 2013","","Corpse Bride","Feature Film","Tim Burton, Mike Johnson","","7.4","77","2005","animation, drama, family, fantasy, musical, romance","197058","2005-09-07","http://www.imdb.com/title/tt0121164/"
"49","tt0113540","Fri Jun 14 15:43:18 2013","Fri Jun 14 15:43:18 2013","","Kids","Feature Film","Larry Clark","","7.0","91","1995","drama","60865","1995-01","http://www.imdb.com/title/tt0113540/"
"50","tt0051459","Sun Jun 16 07:27:41 2013","Sun Jun 16 07:27:41 2013","","Cat on a Hot Tin Roof","Feature Film","Richard Brooks","","8.1","108","1958","drama, romance","34918","1958-09-18","http://www.imdb.com/title/tt0051459/"
"51","tt0898367","Tue Jun 18 00:57:20 2013","Tue Jun 18 00:57:20 2013","","The Road","Feature Film","John Hillcoat","","7.3","111","2009","adventure, drama","183648","2009-09-03","http://www.imdb.com/title/tt0898367/"
"52","tt2334649","Fri Jul 26 14:13:20 2013","Fri Jul 26 14:13:20 2013","","Fruitvale Station","Feature Film","Ryan Coogler","","7.5","85","2013","biography, drama, romance","56773","2013-01-19","http://www.imdb.com/title/tt2334649/"
"53","tt0053604","Mon Aug  5 02:03:09 2013","Mon Aug  5 02:03:09 2013","","The Apartment","Feature Film","Billy Wilder","","8.3","125","1960","comedy, drama, romance","114646","1960-06-15","http://www.imdb.com/title/tt0053604/"
"54","tt0236027","Thu Aug  8 03:10:20 2013","Thu Aug  8 03:10:20 2013","","Flickering Lights","Feature Film","Anders Thomas Jensen","","7.7","109","2000","action, comedy, crime","15267","2000-11-03","http://www.imdb.com/title/tt0236027/"
"55","tt1255953","Tue Aug 13 02:48:30 2013","Tue Aug 13 02:48:30 2013","","Incendies","Feature Film","Denis Villeneuve","","8.2","131","2010","drama, mystery, war","88154","2010-09-03","http://www.imdb.com/title/tt1255953/"
"56","tt0093105","Thu Aug 22 09:20:22 2013","Thu Aug 22 09:20:22 2013","","Good Morning, Vietnam","Feature Film","Barry Levinson","","7.3","121","1987","biography, comedy, drama, war","102396","1987-12-23","http://www.imdb.com/title/tt0093105/"
"57","tt1128075","Sat Aug 24 19:59:45 2013","Sat Aug 24 19:59:45 2013","","Love Exposure","Feature Film","Sion Sono","","8.1","237","2008","action, comedy, drama, romance","7840","2008-11-29","http://www.imdb.com/title/tt1128075/"
"58","tt1332134","Thu Sep  5 13:35:20 2013","Thu Sep  5 13:35:20 2013","","King of Devil's Island","Feature Film","Marius Holst","","7.5","116","2010","action, drama","14428","2010-12-17","http://www.imdb.com/title/tt1332134/"
"59","tt0408777","Sat Sep  7 16:07:33 2013","Sat Sep  7 16:07:33 2013","","The Edukators","Feature Film","Hans Weingartner","","7.5","127","2004","comedy, crime, drama, romance","27510","2004-05-17","http://www.imdb.com/title/tt0408777/"
"60","tt0046250","Tue Sep 10 18:00:58 2013","Tue Sep 10 18:00:58 2013","","Roman Holiday","Feature Film","William Wyler","","8.1","118","1953","comedy, romance","105107","1953-08-21","http://www.imdb.com/title/tt0046250/"
"61","tt0056923","Tue Sep 10 18:02:01 2013","Tue Sep 10 18:02:01 2013","","Charade","Feature Film","Stanley Donen","","8.0","113","1963","comedy, mystery, romance, thriller","51609","1963-12-05","http://www.imdb.com/title/tt0056923/"
"62","tt0401711","Thu Sep 12 23:05:03 2013","Thu Sep 12 23:05:03 2013","","Paris, je t'aime","Feature Film","Olivier Assayas, Frédéric Auburtin","","7.3","120","2006","comedy, drama, romance","64073","2006-05-18","http://www.imdb.com/title/tt0401711/"
"63","tt0311113","Sun Sep 15 06:25:44 2013","Sun Sep 15 06:25:44 2013","","Master and Commander: The Far Side of the World","Feature Film","Peter Weir","","7.4","138","2003","action, adventure, drama, history, war","172352","2003-11-14","http://www.imdb.com/title/tt0311113/"
"64","tt0212712","Tue Sep 17 05:01:13 2013","Tue Sep 17 05:01:13 2013","","2046","Feature Film","Kar Wai Wong","","7.5","129","2004","drama, romance, sci_fi","42570","2004-05-20","http://www.imdb.com/title/tt0212712/"
"65","tt0120885","Tue Nov  5 15:26:29 2013","Tue Nov  5 15:26:29 2013","","Wag the Dog","Feature Film","Barry Levinson","","7.1","97","1997","comedy, drama","69005","1997-12-17","http://www.imdb.com/title/tt0120885/"
"66","tt2209418","Fri Nov  8 04:16:40 2013","Fri Nov  8 04:16:40 2013","","Before Midnight","Feature Film","Richard Linklater","","7.9","109","2013","drama, romance","100946","2013-01-20","http://www.imdb.com/title/tt2209418/"
"67","tt1457767","Fri Nov  8 04:17:12 2013","Fri Nov  8 04:17:12 2013","","The Conjuring","Feature Film","James Wan","","7.5","112","2013","horror, mystery, thriller","320480","2013-06-08","http://www.imdb.com/title/tt1457767/"
"68","tt2347569","Fri Nov  8 04:17:46 2013","Fri Nov  8 04:17:46 2013","","Frances Ha","Feature Film","Noah Baumbach","","7.4","86","2012","comedy, drama, romance","46556","2012-09-01","http://www.imdb.com/title/tt2347569/"
"69","tt3311384","Sun Nov 10 13:39:56 2013","Sun Nov 10 13:39:56 2013","","The Class of 92","Documentary","Benjamin Turner, Gabe Turner","","8.1","99","2013","documentary, sport","6347","2013-11-29","http://www.imdb.com/title/tt3311384/"
"70","tt0105323","Wed Nov 27 14:58:30 2013","Wed Nov 27 14:58:30 2013","","Scent of a Woman","Feature Film","Martin Brest","","8.0","156","1992","drama","201242","1992-12-23","http://www.imdb.com/title/tt0105323/"
"71","tt1798709","Sun Dec  8 15:54:39 2013","Sun Dec  8 15:54:39 2013","","Her","Feature Film","Spike Jonze","","8.0","126","2013","drama, romance, sci_fi","377453","2013-10-12","http://www.imdb.com/title/tt1798709/"
"72","tt2013293","Thu Jan  2 17:42:04 2014","Thu Jan  2 17:42:04 2014","","The Wind Rises","Feature Film","Hayao Miyazaki","","7.8","126","2013","animation, biography, drama, history, romance, war","47101","2013-07-20","http://www.imdb.com/title/tt2013293/"
"73","tt1572781","Sun Jan 12 09:52:48 2014","Sun Jan 12 09:52:48 2014","","The Disappearance of Haruhi Suzumiya","Feature Film","Tatsuya Ishihara, Yasuhiro Takemoto","","8.2","163","2010","animation, comedy, drama, mystery, sci_fi","3965","2010-02-06","http://www.imdb.com/title/tt1572781/"
"74","tt0053459","Wed Jan 15 08:41:37 2014","Wed Jan 15 08:41:37 2014","","Eyes Without a Face","Feature Film","Georges Franju","","7.8","90","1960","drama, horror","17796","1960-01-11","http://www.imdb.com/title/tt0053459/"
"75","tt0101700","Wed Jan 15 14:03:20 2014","Wed Jan 15 14:03:20 2014","","Delicatessen","Feature Film","Marc Caro, Jean-Pierre Jeunet","","7.7","99","1991","comedy, crime","67825","1991-04-17","http://www.imdb.com/title/tt0101700/"
"76","tt0078797","Thu Jan 16 10:07:20 2014","Thu Jan 16 10:07:20 2014","","Rapture","Feature Film","Iván Zulueta","","7.3","105","1979","drama, horror","1374","1979","http://www.imdb.com/title/tt0078797/"
"77","tt0054698","Tue Jan 28 16:58:58 2014","Tue Jan 28 16:58:58 2014","","Breakfast at Tiffany's","Feature Film","Blake Edwards","","7.7","115","1961","comedy, drama, romance","128404","1961-10-05","http://www.imdb.com/title/tt0054698/"
"78","tt0499101","Wed Jan 29 14:05:27 2014","Wed Jan 29 14:05:27 2014","","The Free Will","Feature Film","Matthias Glasner","","7.5","163","2006","crime, drama","2698","2006-02-13","http://www.imdb.com/title/tt0499101/"
"79","tt0469494","Sun Feb  2 08:49:56 2014","Sun Feb  2 08:49:56 2014","","There Will Be Blood","Feature Film","Paul Thomas Anderson","","8.1","158","2007","drama, history","390541","2007-09-27","http://www.imdb.com/title/tt0469494/"
"80","tt0054167","Sat Feb  8 15:47:26 2014","Sat Feb  8 15:47:26 2014","","Peeping Tom","Feature Film","Michael Powell","","7.7","101","1960","drama, horror, thriller","22749","1960-04-07","http://www.imdb.com/title/tt0054167/"
"81","tt0053472","Sat Feb  8 18:29:18 2014","Sat Feb  8 18:29:18 2014","","Breathless","Feature Film","Jean-Luc Godard","","7.9","90","1960","crime, drama","54273","1960-03-16","http://www.imdb.com/title/tt0053472/"
"82","tt0032484","Sat Feb 15 14:50:05 2014","Sat Feb 15 14:50:05 2014","","Foreign Correspondent","Feature Film","Alfred Hitchcock","","7.6","120","1940","action, romance, thriller, war","14031","1940-08-16","http://www.imdb.com/title/tt0032484/"
"83","tt2390361","Mon Feb 24 13:13:31 2014","Mon Feb 24 13:13:31 2014","","Enough Said","Feature Film","Nicole Holofcener","","7.1","93","2013","comedy, drama, romance","50682","2013-09-07","http://www.imdb.com/title/tt2390361/"
"84","tt0040725","Mon Mar  3 17:29:15 2014","Mon Mar  3 17:29:15 2014","","The Red Shoes","Feature Film","Michael Powell, Emeric Pressburger","","8.3","134","1948","drama, music, musical, romance","20849","1948-07-20","http://www.imdb.com/title/tt0040725/"
"85","tt1781827","Sat Mar 15 14:42:34 2014","Sat Mar 15 14:42:34 2014","","Hands of Stone","Feature Film","Jonathan Jakubowicz","","6.6","111","2016","action, biography, drama, sport","6788","2016-05-16","http://www.imdb.com/title/tt1781827/"
"86","tt2278871","Mon Mar 17 09:33:53 2014","Mon Mar 17 09:33:53 2014","","Blue Is the Warmest Color","Feature Film","Abdellatif Kechiche","","7.8","180","2013","drama, romance","99172","2013-05-23","http://www.imdb.com/title/tt2278871/"
"87","tt0068699","Tue Mar 18 09:31:11 2014","Tue Mar 18 09:31:11 2014","","High Plains Drifter","Feature Film","Clint Eastwood","","7.6","105","1973","mystery, western","38047","1973-04-06","http://www.imdb.com/title/tt0068699/"
"88","tt0038650","Tue Mar 18 09:33:20 2014","Tue Mar 18 09:33:20 2014","","It's a Wonderful Life","Feature Film","Frank Capra","","8.6","130","1946","drama, family, fantasy","291452","1946-12-21","http://www.imdb.com/title/tt0038650/"
"89","tt0095327","Tue Mar 18 09:34:38 2014","Tue Mar 18 09:34:38 2014","","Grave of the Fireflies","Feature Film","Isao Takahata","","8.5","89","1988","animation, drama, war","147965","1988-04-16","http://www.imdb.com/title/tt0095327/"
"90","tt0118971","Wed Mar 26 15:46:53 2014","Wed Mar 26 15:46:53 2014","","The Devil's Advocate","Feature Film","Taylor Hackford","","7.5","144","1997","drama, mystery, thriller","267342","1997-10-13","http://www.imdb.com/title/tt0118971/"
"91","tt1189073","Sat Apr  5 03:25:04 2014","Sat Apr  5 03:25:04 2014","","The Skin I Live In","Feature Film","Pedro Almodóvar","","7.6","120","2011","drama, thriller","106017","2011-05-19","http://www.imdb.com/title/tt1189073/"
"92","tt0084509","Sun Apr 13 14:24:57 2014","Sun Apr 13 14:24:57 2014","","The Plague Dogs","Feature Film","Martin Rosen","","7.9","103","1982","animation, adventure, drama","4788","1982-10-21","http://www.imdb.com/title/tt0084509/"
"93","tt0475169","Thu Apr 24 05:56:41 2014","Thu Apr 24 05:56:41 2014","","13 Tzameti","Feature Film","Géla Babluani","","7.4","93","2005","crime, drama, thriller","15029","2005-09-01","http://www.imdb.com/title/tt0475169/"
"94","tt0061512","Mon May 26 01:08:45 2014","Mon May 26 01:08:45 2014","","Cool Hand Luke","Feature Film","Stuart Rosenberg","","8.2","126","1967","crime, drama","124423","1967-11-01","http://www.imdb.com/title/tt0061512/"
"95","tt0065134","Mon May 26 02:00:46 2014","Mon May 26 02:00:46 2014","","Two Mules for Sister Sara","Feature Film","Don Siegel","","7.0","116","1970","adventure, romance, war, western","17845","1970-02-05","http://www.imdb.com/title/tt0065134/"
"96","tt1065073","Sat May 31 16:01:43 2014","Sat May 31 16:01:43 2014","","Boyhood","Feature Film","Richard Linklater","","7.9","165","2014","drama","279567","2014-01-19","http://www.imdb.com/title/tt1065073/"
"97","tt0117883","Tue Jul  8 11:29:56 2014","Tue Jul  8 11:29:56 2014","","Thesis","Feature Film","Alejandro Amenábar","","7.5","125","1996","horror, mystery, thriller","28911","1996-02","http://www.imdb.com/title/tt0117883/"
"98","tt1706620","Mon Jul 14 05:08:03 2014","Mon Jul 14 05:08:03 2014","","Snowpiercer","Feature Film","Bong Joon Ho","","7.0","126","2013","action, drama, sci_fi, thriller","192836","2013-07-29","http://www.imdb.com/title/tt1706620/"
"99","tt2359024","Mon Jul 14 16:27:51 2014","Mon Jul 14 16:27:51 2014","","Blue Ruin","Feature Film","Jeremy Saulnier","","7.1","90","2013","crime, drama, thriller","47014","2013-05-17","http://www.imdb.com/title/tt2359024/"
"100","tt0409459","Sun Aug  3 15:13:34 2014","Sun Aug  3 15:13:34 2014","","Watchmen","Feature Film","Zack Snyder","","7.6","162","2009","action, drama, mystery, sci_fi","403463","2009-02-23","http://www.imdb.com/title/tt0409459/"
"101","tt0120789","Sun Aug  3 15:26:46 2014","Sun Aug  3 15:26:46 2014","","Pleasantville","Feature Film","Gary Ross","","7.5","124","1998","comedy, drama, fantasy","105766","1998-09-17","http://www.imdb.com/title/tt0120789/"
"102","tt0266308","Thu Aug 14 13:51:00 2014","Thu Aug 14 13:51:00 2014","","Battle Royale","Feature Film","Kinji Fukasaku","","7.7","114","2000","adventure, drama, sci_fi, thriller","142639","2000-10","http://www.imdb.com/title/tt0266308/"
"103","tt0038355","Sun Aug 17 11:26:16 2014","Sun Aug 17 11:26:16 2014","","The Big Sleep","Feature Film","Howard Hawks","","8.0","114","1946","crime, film_noir, mystery, thriller","65605","1946-08-22","http://www.imdb.com/title/tt0038355/"
"104","tt0166896","Sun Aug 17 11:27:32 2014","Sun Aug 17 11:27:32 2014","","The Straight Story","Feature Film","David Lynch","","8.0","112","1999","biography, drama","65489","1999-05-21","http://www.imdb.com/title/tt0166896/"
"105","tt0101889","Sun Aug 17 11:30:26 2014","Sun Aug 17 11:30:26 2014","","The Fisher King","Feature Film","Terry Gilliam","","7.6","137","1991","comedy, drama, fantasy","65099","1991-09-10","http://www.imdb.com/title/tt0101889/"
"106","tt0257360","Sun Aug 17 11:30:53 2014","Sun Aug 17 11:30:53 2014","","About Schmidt","Feature Film","Alexander Payne","","7.2","125","2002","comedy, drama","109609","2002-05-22","http://www.imdb.com/title/tt0257360/"
"107","tt0097940","Sun Aug 17 16:15:13 2014","Sun Aug 17 16:15:13 2014","","Mystery Train","Feature Film","Jim Jarmusch","","7.6","110","1989","comedy, crime, drama","19149","1989-05-14","http://www.imdb.com/title/tt0097940/"
"108","tt0062229","Sun Aug 17 16:23:24 2014","Sun Aug 17 16:23:24 2014","","Le Samouraï","Feature Film","Jean-Pierre Melville","","8.1","105","1967","crime, drama, mystery, thriller","32925","1967-10-25","http://www.imdb.com/title/tt0062229/"
"109","tt0056193","Tue Aug 19 16:41:55 2014","Tue Aug 19 16:41:55 2014","","Lolita","Feature Film","Stanley Kubrick","","7.6","152","1962","crime, drama, romance","70629","1962-06-13","http://www.imdb.com/title/tt0056193/"
"110","tt0401383","Sat Aug 23 13:59:39 2014","Sat Aug 23 13:59:39 2014","","The Diving Bell and the Butterfly","Feature Film","Julian Schnabel","","8.0","112","2007","biography, drama","91767","2007-05-22","http://www.imdb.com/title/tt0401383/"
"111","tt0094964","Sat Aug 23 15:13:55 2014","Sat Aug 23 15:13:55 2014","","Dead Ringers","Feature Film","David Cronenberg","","7.3","116","1988","drama, horror, thriller","30581","1988-09-08","http://www.imdb.com/title/tt0094964/"
"112","tt0272338","Mon Aug 25 02:22:57 2014","Mon Aug 25 02:22:57 2014","","Punch-Drunk Love","Feature Film","Paul Thomas Anderson","","7.3","95","2002","comedy, drama, romance, thriller","113670","2002-05-19","http://www.imdb.com/title/tt0272338/"
"113","tt0373469","Mon Aug 25 02:25:03 2014","Mon Aug 25 02:25:03 2014","","Kiss Kiss Bang Bang","Feature Film","Shane Black","","7.6","103","2005","comedy, crime, mystery","181643","2005-05-14","http://www.imdb.com/title/tt0373469/"
"114","tt0055032","Mon Aug 25 08:07:23 2014","Mon Aug 25 08:07:23 2014","","Jules and Jim","Feature Film","François Truffaut","","7.9","105","1962","drama, romance","28379","1962-01-23","http://www.imdb.com/title/tt0055032/"
"115","tt0071877","Mon Aug 25 14:31:16 2014","Mon Aug 25 14:31:16 2014","","Murder on the Orient Express","Feature Film","Sidney Lumet","","7.3","128","1974","crime, drama, mystery","37793","1974-11-21","http://www.imdb.com/title/tt0071877/"
"116","tt0120601","Mon Aug 25 15:04:36 2014","Mon Aug 25 15:04:36 2014","","Being John Malkovich","Feature Film","Spike Jonze","","7.8","112","1999","comedy, drama, fantasy","261262","1999-09-02","http://www.imdb.com/title/tt0120601/"
"117","tt0110074","Mon Aug 25 15:28:32 2014","Mon Aug 25 15:28:32 2014","","The Hudsucker Proxy","Feature Film","Joel Coen","","7.3","111","1994","comedy, drama, fantasy","66913","1994-01","http://www.imdb.com/title/tt0110074/"
"118","tt0065214","Tue Aug 26 06:13:49 2014","Tue Aug 26 06:13:49 2014","","The Wild Bunch","Feature Film","Sam Peckinpah","","8.0","135","1969","action, adventure, western","64822","1969-06-18","http://www.imdb.com/title/tt0065214/"
"119","tt0073802","Tue Aug 26 06:14:19 2014","Tue Aug 26 06:14:19 2014","","Three Days of the Condor","Feature Film","Sydney Pollack","","7.5","117","1975","mystery, thriller","36702","1975-09-24","http://www.imdb.com/title/tt0073802/"
"120","tt2234003","Tue Sep  2 01:11:05 2014","Tue Sep  2 01:11:05 2014","","Calvary","Feature Film","John Michael McDonagh","","7.4","102","2014","drama","44414","2014-01-19","http://www.imdb.com/title/tt2234003/"
"121","tt0026029","Tue Sep  2 01:11:31 2014","Tue Sep  2 01:11:31 2014","","The 39 Steps","Feature Film","Alfred Hitchcock","","7.8","86","1935","mystery, thriller","41200","1935-06-06","http://www.imdb.com/title/tt0026029/"
"122","tt2567712","Tue Sep  2 01:21:31 2014","Tue Sep  2 01:21:31 2014","","Starred Up","Feature Film","David Mackenzie","","7.4","106","2013","crime, drama","33522","2013-08-30","http://www.imdb.com/title/tt2567712/"
"123","tt0168629","Tue Sep  2 16:53:57 2014","Tue Sep  2 16:53:57 2014","","Dancer in the Dark","Feature Film","Lars Von Trier","","8.0","140","2000","crime, drama, musical","82002","2000-05-17","http://www.imdb.com/title/tt0168629/"
"124","tt0301414","Fri Sep  5 11:56:17 2014","Fri Sep  5 11:56:17 2014","","Man on the Train","Feature Film","Patrice Leconte","","7.3","90","2002","crime, drama, thriller","6126","2002-09-02","http://www.imdb.com/title/tt0301414/"
"125","tt0326977","Sun Sep  7 12:51:43 2014","Sun Sep  7 12:51:43 2014","","I'm Not Scared","Feature Film","Gabriele Salvatores","","7.5","108","2003","crime, drama, mystery, thriller","12455","2003-02-08","http://www.imdb.com/title/tt0326977/"
"126","tt1236371","Mon Sep  8 13:09:43 2014","Mon Sep  8 13:09:43 2014","","Mysteries of Lisbon","Feature Film","Raúl Ruiz","","7.5","272","2010","drama, mystery, romance","2584","2010-09-17","http://www.imdb.com/title/tt1236371/"
"127","tt0044706","Tue Sep  9 13:27:36 2014","Tue Sep  9 13:27:36 2014","","High Noon","Feature Film","Fred Zinnemann","","8.0","85","1952","drama, thriller, western","82061","1952-05-01","http://www.imdb.com/title/tt0044706/"
"128","tt0057427","Tue Sep  9 14:23:07 2014","Tue Sep  9 14:23:07 2014","","The Trial","Feature Film","Orson Welles","","7.9","119","1962","drama, mystery, thriller","14292","1962-12-21","http://www.imdb.com/title/tt0057427/"
"129","tt0109579","Tue Sep  9 16:33:56 2014","Tue Sep  9 16:33:56 2014","","Death and the Maiden","Feature Film","Roman Polanski","","7.3","103","1994","drama, mystery, thriller","18069","1994-12-23","http://www.imdb.com/title/tt0109579/"
"130","tt2692904","Sat Sep 13 15:38:17 2014","Sat Sep 13 15:38:17 2014","","Locke","Feature Film","Steven Knight","","7.1","85","2013","drama","97371","2013-09-02","http://www.imdb.com/title/tt2692904/"
"131","tt0056801","Sun Sep 14 14:54:56 2014","Sun Sep 14 14:54:56 2014","","8½","Feature Film","Federico Fellini","","8.1","138","1963","drama, fantasy","82020","1963-02-13","http://www.imdb.com/title/tt0056801/"
"132","tt0079522","Wed Sep 17 06:03:00 2014","Wed Sep 17 06:03:00 2014","","Manhattan","Feature Film","Woody Allen","","8.0","96","1979","comedy, drama, romance","108146","1979-04-18","http://www.imdb.com/title/tt0079522/"
"133","tt0075686","Wed Sep 17 06:03:20 2014","Wed Sep 17 06:03:20 2014","","Annie Hall","Feature Film","Woody Allen","","8.1","93","1977","comedy, romance","202058","1977-03-27","http://www.imdb.com/title/tt0075686/"
"134","tt0107688","Wed Sep 17 14:34:43 2014","Wed Sep 17 14:34:43 2014","","The Nightmare Before Christmas","Feature Film","Henry Selick","","8.0","76","1993","animation, family, fantasy, musical","233110","1993-10-09","http://www.imdb.com/title/tt0107688/"
"135","tt1230385","Sun Sep 21 15:21:10 2014","Sun Sep 21 15:21:10 2014","","The Yellow Sea","Feature Film","Hong-jin Na","","7.4","157","2010","crime, drama, thriller","12531","2010-12-22","http://www.imdb.com/title/tt1230385/"
"136","tt0821442","Sun Sep 21 15:21:50 2014","Sun Sep 21 15:21:50 2014","","A Dirty Carnival","Feature Film","Yoo Ha","","7.4","141","2006","crime, drama, thriller","5772","2006-06-15","http://www.imdb.com/title/tt0821442/"
"137","tt0049406","Sun Sep 21 15:22:53 2014","Sun Sep 21 15:22:53 2014","","The Killing","Feature Film","Stanley Kubrick","","8.0","85","1956","crime, drama, film_noir, thriller","64340","1956-05-19","http://www.imdb.com/title/tt0049406/"
"138","tt0338135","Mon Sep 22 09:12:16 2014","Mon Sep 22 09:12:16 2014","","The Barbarian Invasions","Feature Film","Denys Arcand","","7.7","99","2003","comedy, crime, drama, mystery, romance","25330","2003-05-21","http://www.imdb.com/title/tt0338135/"
"139","tt0203119","Mon Sep 22 13:43:02 2014","Mon Sep 22 13:43:02 2014","","Sexy Beast","Feature Film","Jonathan Glazer","","7.3","89","2000","crime, thriller","44377","2000-09-13","http://www.imdb.com/title/tt0203119/"
"140","tt0107653","Tue Sep 23 12:31:15 2014","Tue Sep 23 12:31:15 2014","","Naked","Feature Film","Mike Leigh","","7.9","126","1993","comedy, drama","24587","1993-05-14","http://www.imdb.com/title/tt0107653/"
"141","tt0088680","Tue Sep 23 12:31:47 2014","Tue Sep 23 12:31:47 2014","","After Hours","Feature Film","Martin Scorsese","","7.7","97","1985","comedy, crime, drama, thriller","41460","1985-09-11","http://www.imdb.com/title/tt0088680/"
"142","tt0315983","Tue Sep 23 12:32:13 2014","Tue Sep 23 12:32:13 2014","","House of Sand and Fog","Feature Film","Vadim Perelman","","7.6","126","2003","drama","57563","2003-12-19","http://www.imdb.com/title/tt0315983/"
"143","tt0108550","Tue Sep 23 12:35:17 2014","Tue Sep 23 12:35:17 2014","","What's Eating Gilbert Grape","Feature Film","Lasse Hallström","","7.8","118","1993","drama","177183","1993-10-01","http://www.imdb.com/title/tt0108550/"
"144","tt0383028","Tue Sep 23 12:35:40 2014","Tue Sep 23 12:35:40 2014","","Synecdoche, New York","Feature Film","Charlie Kaufman","","7.5","124","2008","comedy, drama","59440","2008-05-23","http://www.imdb.com/title/tt0383028/"
"145","tt0067309","Tue Sep 23 12:37:00 2014","Tue Sep 23 12:37:00 2014","","Klute","Feature Film","Alan J. Pakula","","7.2","114","1971","crime, mystery, thriller","16273","1971-06-23","http://www.imdb.com/title/tt0067309/"
"146","tt0119349","Tue Sep 23 12:37:24 2014","Tue Sep 23 12:37:24 2014","","The Ice Storm","Feature Film","Ang Lee","","7.5","112","1997","drama","47337","1997-05-12","http://www.imdb.com/title/tt0119349/"
"147","tt0824747","Tue Sep 23 12:38:34 2014","Tue Sep 23 12:38:34 2014","","Changeling","Feature Film","Clint Eastwood","","7.8","141","2008","biography, crime, drama, mystery, thriller","203953","2008-05-20","http://www.imdb.com/title/tt0824747/"
"148","tt0043014","Tue Sep 23 12:39:36 2014","Tue Sep 23 12:39:36 2014","","Sunset Blvd.","Feature Film","Billy Wilder","","8.5","110","1950","drama, film_noir","145644","1950-08-10","http://www.imdb.com/title/tt0043014/"
"149","tt0086979","Tue Sep 23 12:40:28 2014","Tue Sep 23 12:40:28 2014","","Blood Simple.","Feature Film","Joel Coen","","7.7","99","1984","crime, drama, thriller","69704","1984-09-07","http://www.imdb.com/title/tt0086979/"
"150","tt0075612","Tue Sep 23 12:40:56 2014","Tue Sep 23 12:40:56 2014","","3 Women","Feature Film","Robert Altman","","7.9","124","1977","drama, mystery, thriller","9922","1977-04-03","http://www.imdb.com/title/tt0075612/"
"151","tt0061395","Tue Sep 23 12:41:18 2014","Tue Sep 23 12:41:18 2014","","Belle de Jour","Feature Film","Luis Bunuel","","7.8","100","1967","drama","30211","1967-05-24","http://www.imdb.com/title/tt0061395/"
"152","tt0362225","Mon Sep 29 06:17:47 2014","Mon Sep 29 06:17:47 2014","","Tell No One","Feature Film","Guillaume Canet","","7.6","131","2006","crime, drama, mystery, romance, thriller","39488","2006-11-01","http://www.imdb.com/title/tt0362225/"
"153","tt0247425","Mon Sep 29 10:53:56 2014","Mon Sep 29 10:53:56 2014","","In the Bedroom","Feature Film","Todd Field","","7.5","130","2001","crime, drama","32966","2001-01-19","http://www.imdb.com/title/tt0247425/"
"154","tt1441395","Mon Sep 29 14:57:00 2014","Mon Sep 29 14:57:00 2014","","Under the Skin","Feature Film","Jonathan Glazer","","6.3","108","2013","drama, horror, sci_fi, thriller","91129","2013-08-29","http://www.imdb.com/title/tt1441395/"
"155","tt0098878","Sun Oct  5 23:38:48 2014","Sun Oct  5 23:38:48 2014","","Northern Exposure","TV Series","","","8.3","60","1990","comedy, drama, fantasy","12291","1990-07-12","http://www.imdb.com/title/tt0098878/"
"156","tt1937149","Sun Oct  5 23:51:14 2014","Sun Oct  5 23:51:14 2014","","The Body","Feature Film","Oriol Paulo","","7.5","108","2012","mystery, thriller","21005","2012-10-04","http://www.imdb.com/title/tt1937149/"
"157","tt2121382","Tue Oct 21 22:53:09 2014","Tue Oct 21 22:53:09 2014","","Force Majeure","Feature Film","Ruben Östlund","","7.3","120","2014","drama","31028","2014-05-18","http://www.imdb.com/title/tt2121382/"
"158","tt0918927","Fri Oct 31 16:35:32 2014","Fri Oct 31 16:35:32 2014","","Doubt","Feature Film","John Patrick Shanley","","7.5","104","2008","drama, mystery","102286","2008-10-30","http://www.imdb.com/title/tt0918927/"
"159","tt1758810","Mon Nov  3 22:12:55 2014","Mon Nov  3 22:12:55 2014","","The Snowman","Feature Film","Tomas Alfredson","","","","2017","crime, drama","","2017-10-13","http://www.imdb.com/title/tt1758810/"
"160","tt0351461","Sat Nov  8 00:52:28 2014","Sat Nov  8 00:52:28 2014","","Noi the Albino","Feature Film","Dagur Kári","","7.4","93","2003","drama","8012","2003-01-24","http://www.imdb.com/title/tt0351461/"
"161","tt0118767","Sat Nov  8 08:40:39 2014","Sat Nov  8 08:40:39 2014","","Brother","Feature Film","Aleksey Balabanov","","8.0","96","1997","crime, drama, romance","10829","1997-05-17","http://www.imdb.com/title/tt0118767/"
"162","tt0085407","Sat Nov 15 08:56:14 2014","Sat Nov 15 08:56:14 2014","","The Dead Zone","Feature Film","David Cronenberg","","7.2","103","1983","horror, sci_fi, thriller","46498","1983-10-21","http://www.imdb.com/title/tt0085407/"
"163","tt1178663","Sun Nov 16 16:29:00 2014","Sun Nov 16 16:29:00 2014","","Whatever Works","Feature Film","Woody Allen","","7.2","93","2009","comedy, romance","60842","2009-04-22","http://www.imdb.com/title/tt1178663/"
"164","tt1733785","Sun Nov 16 16:51:55 2014","Sun Nov 16 16:51:55 2014","","The Bridge","TV Series","","","8.6","60","2011","crime, mystery, thriller","32790","2011-09-21","http://www.imdb.com/title/tt1733785/"
"165","tt0086197","Thu Nov 20 07:58:44 2014","Thu Nov 20 07:58:44 2014","","The Right Stuff","Feature Film","Philip Kaufman","","7.9","193","1983","adventure, biography, drama, history","46477","1983-10-21","http://www.imdb.com/title/tt0086197/"
"166","tt0069293","Thu Nov 20 14:31:14 2014","Thu Nov 20 14:31:14 2014","","Solaris","Feature Film","Andrey Tarkovskiy","","8.1","167","1972","drama, mystery, sci_fi","56875","1972-05-13","http://www.imdb.com/title/tt0069293/"
"167","tt2675914","Fri Nov 21 13:09:01 2014","Fri Nov 21 13:09:01 2014","","In Order of Disappearance","Feature Film","Hans Petter Moland","","7.2","116","2014","action, crime, thriller","13283","2014-02-10","http://www.imdb.com/title/tt2675914/"
"168","tt3612616","Tue Nov 25 05:36:58 2014","Tue Nov 25 05:36:58 2014","","Mommy","Feature Film","Xavier Dolan","","8.1","139","2014","drama","31318","2014-05-22","http://www.imdb.com/title/tt3612616/"
"169","tt0108906","Wed Nov 26 08:19:41 2014","Wed Nov 26 08:19:41 2014","","The Kingdom","Mini-Series","","","8.4","286","1994","comedy, drama, fantasy, horror, mystery","14334","1994-11-24","http://www.imdb.com/title/tt0108906/"
"170","tt0064861","Fri Dec  5 08:46:00 2014","Fri Dec  5 08:46:00 2014","","This Man Must Die","Feature Film","Claude Chabrol","","7.9","110","1969","thriller","3089","1969-09-05","http://www.imdb.com/title/tt0064861/"
"171","tt0074860","Tue Dec  9 14:05:46 2014","Tue Dec  9 14:05:46 2014","","Marathon Man","Feature Film","John Schlesinger","","7.5","125","1976","crime, thriller","46245","1976-10-06","http://www.imdb.com/title/tt0074860/"
"172","tt3450900","Sat Dec 27 11:14:59 2014","Sat Dec 27 11:14:59 2014","","The Sea of Trees","Feature Film","Gus Van Sant","","5.8","110","2015","drama","5983","2015-05-16","http://www.imdb.com/title/tt3450900/"
"173","tt0091251","Mon Jan  5 09:39:10 2015","Mon Jan  5 09:39:10 2015","","Come and See","Feature Film","E. Klimov","","8.3","142","1985","drama, war","28364","1985-07-10","http://www.imdb.com/title/tt0091251/"
"174","tt0101640","Mon Jan  5 09:39:52 2015","Mon Jan  5 09:39:52 2015","","Raise the Red Lantern","Feature Film","Yimou Zhang","","8.2","125","1991","drama, history, romance","21579","1991-09-10","http://www.imdb.com/title/tt0101640/"
"175","tt0379217","Wed Jan  7 08:05:55 2015","Wed Jan  7 08:05:55 2015","","Coffee and Cigarettes","Feature Film","Jim Jarmusch","","7.1","95","2003","comedy, drama, music","48359","2003-09-05","http://www.imdb.com/title/tt0379217/"
"176","tt0088184","Wed Jan  7 09:32:44 2015","Wed Jan  7 09:32:44 2015","","Stranger Than Paradise","Feature Film","Jim Jarmusch","","7.6","89","1984","comedy, drama","26244","1984-05-16","http://www.imdb.com/title/tt0088184/"
"177","tt0071141","Fri Jan  9 11:52:00 2015","Fri Jan  9 11:52:00 2015","","Ali: Fear Eats the Soul","Feature Film","Rainer Werner Fassbinder","","8.1","93","1974","drama, romance","13039","1974-03-05","http://www.imdb.com/title/tt0071141/"
"178","tt0910559","Sat Jan 10 16:58:51 2015","Sat Jan 10 16:58:51 2015","","Cherry Blossoms","Feature Film","Doris Dörrie","","7.7","127","2008","drama, romance","4808","2008-02-11","http://www.imdb.com/title/tt0910559/"
"179","tt3011894","Sun Jan 11 06:33:03 2015","Sun Jan 11 06:33:03 2015","","Wild Tales","Feature Film","Damián Szifron","","8.1","122","2014","comedy, drama, thriller","102683","2014-05-17","http://www.imdb.com/title/tt3011894/"
"180","tt0103793","Mon Jan 12 06:11:14 2015","Mon Jan 12 06:11:14 2015","","Benny's Video","Feature Film","Michael Haneke","","7.2","105","1992","crime, drama","9889","1992-05-13","http://www.imdb.com/title/tt0103793/"
"181","tt0066892","Thu Jan 15 05:25:15 2015","Thu Jan 15 05:25:15 2015","","Carnal Knowledge","Feature Film","Mike Nichols","","7.0","98","1971","drama","8870","1971-06-30","http://www.imdb.com/title/tt0066892/"
"182","tt0914798","Fri Jan 16 15:22:00 2015","Fri Jan 16 15:22:00 2015","","The Boy in the Striped Pajamas","Feature Film","Mark Herman","","7.8","94","2008","drama, war","139887","2008-08-28","http://www.imdb.com/title/tt0914798/"
"183","tt0083946","Sat Jan 17 09:50:27 2015","Sat Jan 17 09:50:27 2015","","Fitzcarraldo","Feature Film","Werner Herzog","","8.2","158","1982","adventure, drama","23129","1982-03-04","http://www.imdb.com/title/tt0083946/"
"184","tt0093191","Sat Jan 17 09:54:23 2015","Sat Jan 17 09:54:23 2015","","Wings of Desire","Feature Film","Wim Wenders","","8.1","128","1987","drama, fantasy, romance","49232","1987-05-17","http://www.imdb.com/title/tt0093191/"
"185","tt2326554","Mon Jan 19 02:07:14 2015","Mon Jan 19 02:07:14 2015","","A Girl Walks Home Alone at Night","Feature Film","Ana Lily Amirpour","","7.0","101","2014","drama, fantasy, horror","19632","2014-01-19","http://www.imdb.com/title/tt2326554/"
"186","tt0093605","Mon Jan 19 02:36:18 2015","Mon Jan 19 02:36:18 2015","","Near Dark","Feature Film","Kathryn Bigelow","","7.0","94","1987","action, crime, drama, horror, romance, thriller","26257","1987-09-12","http://www.imdb.com/title/tt0093605/"
"187","tt0080516","Mon Jan 19 02:36:55 2015","Mon Jan 19 02:36:55 2015","","The Changeling","Feature Film","Peter Medak","","7.3","107","1980","horror","22719","1980-03-28","http://www.imdb.com/title/tt0080516/"
"188","tt0067372","Fri Jan 23 07:24:18 2015","Fri Jan 23 07:24:18 2015","","Macbeth","Feature Film","Roman Polanski","","7.5","140","1971","biography, drama, history","10066","1971-12-01","http://www.imdb.com/title/tt0067372/"
"189","tt0062138","Mon Feb  2 07:14:35 2015","Mon Feb  2 07:14:35 2015","","Point Blank","Feature Film","John Boorman","","7.4","92","1967","crime, thriller","14137","1967-08-30","http://www.imdb.com/title/tt0062138/"
"190","tt0066993","Mon Feb  2 07:15:02 2015","Mon Feb  2 07:15:02 2015","","The Devils","Feature Film","Ken Russell","","7.8","111","1971","biography, drama, history","9044","1971-07-16","http://www.imdb.com/title/tt0066993/"
"191","tt0067541","Mon Feb  2 07:15:37 2015","Mon Feb  2 07:15:37 2015","","Wake in Fright","Feature Film","Ted Kotcheff","","7.7","108","1971","drama, thriller","6128","1971-05","http://www.imdb.com/title/tt0067541/"
"192","tt0071615","Mon Feb  2 07:16:53 2015","Mon Feb  2 07:16:53 2015","","The Holy Mountain","Feature Film","Alexandro Jodorowsky","","7.9","114","1973","adventure, drama, fantasy","24676","1973-05","http://www.imdb.com/title/tt0071615/"
"193","tt0070917","Mon Feb  2 07:17:35 2015","Mon Feb  2 07:17:35 2015","","The Wicker Man","Feature Film","Robin Hardy","","7.6","88","1973","crime, horror, musical, mystery, thriller","49940","1973-10-16","http://www.imdb.com/title/tt0070917/"
"194","tt0076786","Mon Feb  2 07:17:55 2015","Mon Feb  2 07:17:55 2015","","Suspiria","Feature Film","Dario Argento","","7.5","98","1977","horror","47989","1977-02-01","http://www.imdb.com/title/tt0076786/"
"195","tt1191111","Mon Feb  2 07:18:51 2015","Mon Feb  2 07:18:51 2015","","Enter the Void","Feature Film","Gaspar Noé","","7.3","161","2009","drama, fantasy","48443","2009-05-22","http://www.imdb.com/title/tt1191111/"
"196","tt2554274","Sat Feb 14 14:15:09 2015","Sat Feb 14 14:15:09 2015","","Crimson Peak","Feature Film","Guillermo del Toro","","6.6","119","2015","drama, fantasy, horror, mystery, romance, thriller","92720","2015-09-25","http://www.imdb.com/title/tt2554274/"
"197","tt0067588","Sun Mar  1 14:09:02 2015","Sun Mar  1 14:09:02 2015","","Play Misty for Me","Feature Film","Clint Eastwood","","7.0","102","1971","thriller","19789","1971-11-03","http://www.imdb.com/title/tt0067588/"
"198","tt2737050","Thu Mar 12 06:52:10 2015","Thu Mar 12 06:52:10 2015","","Two Days, One Night","Feature Film","Jean-Pierre Dardenne, Luc Dardenne","","7.4","95","2014","drama","34495","2014-05-20","http://www.imdb.com/title/tt2737050/"
"199","tt0094012","Sat Mar 14 01:50:54 2015","Sat Mar 14 01:50:54 2015","","Spaceballs","Feature Film","Mel Brooks","","7.1","96","1987","adventure, comedy, sci_fi","141121","1987-06-24","http://www.imdb.com/title/tt0094012/"
"200","tt0097202","Sat Mar 14 09:47:40 2015","Sat Mar 14 09:47:40 2015","","The Killer","Feature Film","John Woo","","7.9","111","1989","action, crime, drama, thriller","39530","1989-03-24","http://www.imdb.com/title/tt0097202/"
"201","tt0120324","Wed Mar 25 11:40:30 2015","Wed Mar 25 11:40:30 2015","","A Simple Plan","Feature Film","Sam Raimi","","7.5","121","1998","crime, drama, thriller","51969","1998-09-12","http://www.imdb.com/title/tt0120324/"
"202","tt0102592","Wed Mar 25 11:41:13 2015","Wed Mar 25 11:41:13 2015","","One False Move","Feature Film","Carl Franklin","","7.2","105","1992","crime, drama","7446","1992-01","http://www.imdb.com/title/tt0102592/"
"203","tt0110308","Wed Mar 25 11:41:54 2015","Wed Mar 25 11:41:54 2015","","The Last Seduction","Feature Film","John Dahl","","7.1","110","1994","crime, drama, romance, thriller","16584","1994-02","http://www.imdb.com/title/tt0110308/"
"204","tt0100685","Wed Mar 25 11:41:57 2015","Wed Mar 25 11:41:57 2015","","State of Grace","Feature Film","Phil Joanou, Michael Lee Baron","","7.3","134","1990","action, crime, drama, romance, thriller","16978","1990-09-14","http://www.imdb.com/title/tt0100685/"
"205","tt0114558","Wed Mar 25 11:42:01 2015","Wed Mar 25 11:42:01 2015","","Strange Days","Feature Film","Kathryn Bigelow","","7.2","145","1995","action, crime, drama, sci_fi, thriller","55686","1995-09-03","http://www.imdb.com/title/tt0114558/"
"206","tt0105226","Wed Mar 25 11:42:04 2015","Wed Mar 25 11:42:04 2015","","Red Rock West","Feature Film","John Dahl","","7.0","98","1993","crime, drama, thriller","16183","1993-05-14","http://www.imdb.com/title/tt0105226/"
"207","tt0108188","Wed Mar 25 11:42:40 2015","Wed Mar 25 11:42:40 2015","","Sonatine","Feature Film","Takeshi Kitano","","7.6","94","1993","action, comedy, crime, drama, romance, thriller","13814","1993-05-15","http://www.imdb.com/title/tt0108188/"
"208","tt0125659","Wed Mar 25 11:42:51 2015","Wed Mar 25 11:42:51 2015","","Open Your Eyes","Feature Film","Alejandro Amenábar","","7.8","117","1997","drama, mystery, romance, sci_fi, thriller","54129","1997-12-19","http://www.imdb.com/title/tt0125659/"
"209","tt0165773","Wed Mar 25 11:44:15 2015","Wed Mar 25 11:44:15 2015","","Felicia's Journey","Feature Film","Atom Egoyan","","7.0","116","1999","drama, thriller","6812","1999-05-17","http://www.imdb.com/title/tt0165773/"
"210","tt0099768","Wed Mar 25 11:44:18 2015","Wed Mar 25 11:44:18 2015","","Hidden Agenda","Feature Film","Ken Loach","","7.0","108","1990","drama, thriller","2660","1990-05-16","http://www.imdb.com/title/tt0099768/"
"211","tt0118531","Wed Mar 25 11:45:14 2015","Wed Mar 25 11:45:14 2015","","One Eight Seven","Feature Film","Kevin Reynolds","7","6.7","119","1997","drama, thriller","18495","1997-07-30","http://www.imdb.com/title/tt0118531/"
"212","tt0082085","Thu Mar 26 15:32:30 2015","Thu Mar 26 15:32:30 2015","","Blow Out","Feature Film","Brian De Palma","","7.4","107","1981","mystery, thriller","29097","1981-07-07","http://www.imdb.com/title/tt0082085/"
"213","tt0023649","Mon Mar 30 00:48:51 2015","Mon Mar 30 00:48:51 2015","","Vampyr","Feature Film","Carl Th. Dreyer","","7.7","83","1932","fantasy, horror","11444","1932-05-06","http://www.imdb.com/title/tt0023649/"
"214","tt0041959","Mon Mar 30 00:49:29 2015","Mon Mar 30 00:49:29 2015","","The Third Man","Feature Film","Carol Reed","","8.3","104","1949","film_noir, mystery, thriller","118328","1949-08-31","http://www.imdb.com/title/tt0041959/"
"215","tt0048424","Mon Mar 30 00:50:32 2015","Mon Mar 30 00:50:32 2015","","The Night of the Hunter","Feature Film","Charles Laughton","","8.1","92","1955","crime, drama, film_noir, thriller","66690","1955-07-26","http://www.imdb.com/title/tt0048424/"
"216","tt0054067","Mon Mar 30 00:52:41 2015","Mon Mar 30 00:52:41 2015","","Black Sunday","Feature Film","Mario Bava","","7.3","87","1960","fantasy, horror, thriller","9996","1960-08-12","http://www.imdb.com/title/tt0054067/"
"217","tt0061882","Mon Mar 30 00:55:12 2015","Mon Mar 30 00:55:12 2015","","Branded to Kill","Feature Film","Seijun Suzuki","","7.4","91","1967","action, crime, drama, romance","5580","1967-06-15","http://www.imdb.com/title/tt0061882/"
"218","tt0049223","Thu Apr  2 01:33:33 2015","Thu Apr  2 01:33:33 2015","","Forbidden Planet","Feature Film","Fred McLeod Wilcox","","7.7","98","1956","action, adventure, sci_fi, thriller","35324","1956-03-23","http://www.imdb.com/title/tt0049223/"
"219","tt0079944","Mon Apr  6 15:00:31 2015","Mon Apr  6 15:00:31 2015","","Stalker","Feature Film","Andrey Tarkovskiy","","8.1","163","1979","drama, sci_fi","72521","1979-05","http://www.imdb.com/title/tt0079944/"
"220","tt1708135","Wed Apr  8 08:23:38 2015","Wed Apr  8 08:23:38 2015","","Elser","Feature Film","Oliver Hirschbiegel","","7.0","114","2015","biography, drama, war","3806","2015-02-12","http://www.imdb.com/title/tt1708135/"
"221","tt2366608","Fri Apr 10 02:24:42 2015","Fri Apr 10 02:24:42 2015","","Lost River","Feature Film","Ryan Gosling","","5.8","95","2014","drama, fantasy, mystery, thriller","12675","2014-05-20","http://www.imdb.com/title/tt2366608/"
"222","tt2802154","Fri Apr 10 14:52:44 2015","Fri Apr 10 14:52:44 2015","","Leviathan","Feature Film","Andrey Zvyagintsev","","7.6","140","2014","drama","33653","2014-05-23","http://www.imdb.com/title/tt2802154/"
"223","tt0067128","Sun Apr 12 23:53:10 2015","Sun Apr 12 23:53:10 2015","","Get Carter","Feature Film","Mike Hodges","","7.5","112","1971","crime, thriller","22705","1971-02-03","http://www.imdb.com/title/tt0067128/"
"224","tt0117666","Mon Apr 20 06:29:28 2015","Mon Apr 20 06:29:28 2015","","Sling Blade","Feature Film","Billy Bob Thornton","","8.0","135","1996","drama","74641","1996-08-30","http://www.imdb.com/title/tt0117666/"
"225","tt0115734","Mon May  4 02:03:21 2015","Mon May  4 02:03:21 2015","","Bottle Rocket","Feature Film","Wes Anderson","","7.1","91","1996","comedy, crime, drama","56310","1996-02-21","http://www.imdb.com/title/tt0115734/"
"226","tt0875113","Mon May 18 04:45:01 2015","Mon May 18 04:45:01 2015","","99 francs","Feature Film","Jan Kounen","","7.3","100","2007","comedy, drama","15707","2007-09-26","http://www.imdb.com/title/tt0875113/"
"227","tt2883512","Fri May 29 14:11:44 2015","Fri May 29 14:11:44 2015","","Chef","Feature Film","Jon Favreau","","7.3","114","2014","comedy, drama","147721","2014-03-07","http://www.imdb.com/title/tt2883512/"
"228","tt0808506","Sat Jun  6 04:04:18 2015","Sat Jun  6 04:04:18 2015","","The Girl Who Leapt Through Time","Feature Film","Mamoru Hosoda","","7.8","98","2006","animation, adventure, comedy, drama, mystery, romance, sci_fi","39132","2006-07-15","http://www.imdb.com/title/tt0808506/"
"229","tt2591814","Fri Jun 19 00:17:18 2015","Fri Jun 19 00:17:18 2015","","The Garden of Words","Feature Film","Makoto Shinkai","","7.6","46","2013","animation, drama, romance","11479","2013-05-31","http://www.imdb.com/title/tt2591814/"
"230","tt0983213","Fri Jun 19 00:39:03 2015","Fri Jun 19 00:39:03 2015","","5 Centimeters Per Second","Feature Film","Makoto Shinkai","","7.8","63","2007","animation, drama, romance","29998","2007-03-03","http://www.imdb.com/title/tt0983213/"
"231","tt1355642","Wed Jul  1 02:00:26 2015","Wed Jul  1 02:00:26 2015","","Fullmetal Alchemist: Brotherhood","TV Series","","","9.1","24","2009","animation, action, adventure, comedy, drama, sci_fi","56689","2009-04-05","http://www.imdb.com/title/tt1355642/"
"232","tt1798684","Thu Jul  2 01:34:49 2015","Thu Jul  2 01:34:49 2015","","Southpaw","Feature Film","Antoine Fuqua","","7.4","124","2015","drama, sport","161593","2015-06-15","http://www.imdb.com/title/tt1798684/"
"233","tt0133240","Sat Jul  4 05:23:28 2015","Sat Jul  4 05:23:28 2015","","Treasure Planet","Feature Film","Ron Clements, John Musker","","7.1","95","2002","animation, adventure, family, sci_fi","74917","2002-11-05","http://www.imdb.com/title/tt0133240/"
"234","tt1510906","Sat Jul  4 05:23:46 2015","Sat Jul  4 05:23:46 2015","","Third Star","Feature Film","Hattie Dalton","","7.6","92","2010","drama","5561","2010-06","http://www.imdb.com/title/tt1510906/"
"235","tt1334260","Sat Jul  4 05:24:06 2015","Sat Jul  4 05:24:06 2015","","Never Let Me Go","Feature Film","Mark Romanek","","7.2","103","2010","drama, romance, sci_fi","113389","2010-09-03","http://www.imdb.com/title/tt1334260/"
"236","tt2980592","Sun Jul 12 15:19:25 2015","Sun Jul 12 15:19:25 2015","","The Guest","Feature Film","Adam Wingard","","6.7","100","2014","action, crime, mystery, sci_fi, thriller","68194","2014-01-17","http://www.imdb.com/title/tt2980592/"
"237","tt3713166","Wed Jul 15 04:50:44 2015","Wed Jul 15 04:50:44 2015","","Unfriended","Feature Film","Leo Gabriadze","","5.7","83","2014","horror","48304","2014-07-20","http://www.imdb.com/title/tt3713166/"
"238","tt3086442","Thu Jul 16 09:27:20 2015","Thu Jul 16 09:27:20 2015","","Goodnight Mommy","Feature Film","Severin Fiala, Veronika Franz","","6.7","99","2014","horror, mystery, thriller","25010","2014-08-30","http://www.imdb.com/title/tt3086442/"
"239","tt0300140","Sun Aug 16 23:37:20 2015","Sun Aug 16 23:37:20 2015","","Lilya 4-Ever","Feature Film","Lukas Moodysson","","7.9","109","2002","crime, drama","36350","2002-08-23","http://www.imdb.com/title/tt0300140/"
"240","tt0090163","Sun Aug 16 23:39:55 2015","Sun Aug 16 23:39:55 2015","","Threads","TV Movie","Mick Jackson","","8.1","112","1984","drama, horror, sci_fi, war","7610","1984-09-23","http://www.imdb.com/title/tt0090163/"
"241","tt1242460","Sun Aug 16 23:40:31 2015","Sun Aug 16 23:40:31 2015","","We Need to Talk About Kevin","Feature Film","Lynne Ramsay","","7.5","112","2011","crime, drama, mystery, thriller","101471","2011-05-12","http://www.imdb.com/title/tt1242460/"
"242","tt0228786","Tue Aug 18 15:07:20 2015","Tue Aug 18 15:07:20 2015","","The Crimson Rivers","Feature Film","Mathieu Kassovitz","7","6.9","106","2000","crime, mystery, thriller","49845","2000-09-27","http://www.imdb.com/title/tt0228786/"
"243","tt0337103","Tue Aug 18 15:07:25 2015","Tue Aug 18 15:07:25 2015","","Crimson Rivers 2: Angels of the Apocalypse","Feature Film","Olivier Dahan","6","5.9","97","2004","action, crime, thriller","16456","2004-02-18","http://www.imdb.com/title/tt0337103/"
"244","tt3219194","Fri Sep 18 11:07:31 2015","Fri Sep 18 11:07:31 2015","","Uncle John","Feature Film","Steven Piet","","6.3","113","2015","crime, drama, mystery, romance, thriller","1173","2015-03-16","http://www.imdb.com/title/tt3219194/"
"245","tt3397884","Thu Oct  1 23:35:05 2015","Thu Oct  1 23:35:05 2015","","Sicario","Feature Film","Denis Villeneuve","","7.6","121","2015","action, crime, drama, mystery, thriller","229603","2015-05-19","http://www.imdb.com/title/tt3397884/"
"246","tt0775489","Sat Oct  3 17:28:46 2015","Sat Oct  3 17:28:46 2015","","The Illusionist","Feature Film","Sylvain Chomet","","7.5","80","2010","animation, drama","29184","2010-02-16","http://www.imdb.com/title/tt0775489/"
"247","tt0289765","Mon Nov  2 23:52:17 2015","Mon Nov  2 23:52:17 2015","","Red Dragon","Feature Film","Brett Ratner","","7.2","124","2002","crime, drama, thriller","209299","2002-09-30","http://www.imdb.com/title/tt0289765/"
"248","tt4594834","Tue Nov  3 13:44:24 2015","Tue Nov  3 13:44:24 2015","","Chi-Raq","Feature Film","Spike Lee","","5.7","127","2015","comedy, crime, drama, musical","6303","2015-12-04","http://www.imdb.com/title/tt4594834/"
"249","tt1188729","Sat Nov  7 04:15:34 2015","Sat Nov  7 04:15:34 2015","","Pandorum","Feature Film","Christian Alvart","","6.8","108","2009","action, horror, mystery, sci_fi, thriller","124584","2009-09-25","http://www.imdb.com/title/tt1188729/"
"250","tt0048028","Sun Nov  8 23:10:51 2015","Sun Nov  8 23:10:51 2015","","East of Eden","Feature Film","Elia Kazan","","8.0","115","1955","drama","31630","1955-03-09","http://www.imdb.com/title/tt0048028/"
"251","tt3715320","Wed Nov 11 00:59:57 2015","Wed Nov 11 00:59:57 2015","","Irrational Man","Feature Film","Woody Allen","","6.6","95","2015","comedy, drama","37614","2015-05-15","http://www.imdb.com/title/tt3715320/"
"252","tt0358456","Mon Dec 14 13:21:09 2015","Mon Dec 14 13:21:09 2015","","Earthlings","Documentary","Shaun Monson","","8.7","95","2005","documentary, horror","13317","2005-09-24","http://www.imdb.com/title/tt0358456/"
"253","tt2494362","Mon Jan 11 02:39:42 2016","Mon Jan 11 02:39:42 2016","","Bone Tomahawk","Feature Film","S. Craig Zahler","","7.1","132","2015","adventure, drama, horror, western","43318","2015-10-01","http://www.imdb.com/title/tt2494362/"
"254","tt1100089","Tue Jan 12 01:19:00 2016","Tue Jan 12 01:19:00 2016","","Foxcatcher","Feature Film","Bennett Miller","","7.0","134","2014","biography, drama, sport","111776","2014-05-19","http://www.imdb.com/title/tt1100089/"
"255","tt1216491","Tue Jan 12 01:20:43 2016","Tue Jan 12 01:20:43 2016","","Kill the Messenger","Feature Film","Michael Cuesta","","7.0","112","2014","biography, crime, drama, mystery, thriller","34341","2014-09-28","http://www.imdb.com/title/tt1216491/"
"256","tt0177507","Tue Jan 12 01:24:01 2016","Tue Jan 12 01:24:01 2016","","Gigantic","Feature Film","Sebastian Schipper","","7.8","80","1999","comedy, drama","3475","1999-09-30","http://www.imdb.com/title/tt0177507/"
"257","tt2401181","Tue Jan 12 01:27:24 2016","Tue Jan 12 01:27:24 2016","","Der Samurai","Feature Film","Till Kleinert","","5.7","79","2014","fantasy, horror, thriller","1065","2014-02-08","http://www.imdb.com/title/tt2401181/"
"258","tt3230854","Fri Jan 15 02:32:10 2016","Fri Jan 15 02:32:10 2016","","The Expanse","TV Series","","","8.2","60","2015","drama, mystery, sci_fi, thriller","26151","2015-11-23","http://www.imdb.com/title/tt3230854/"
"259","tt4062536","Sat Jan 16 14:53:46 2016","Sat Jan 16 14:53:46 2016","","Green Room","Feature Film","Jeremy Saulnier","","7.1","95","2015","crime, horror, thriller","53661","2015-05-17","http://www.imdb.com/title/tt4062536/"
"260","tt2891174","Tue Jan 26 10:08:39 2016","Tue Jan 26 10:08:39 2016","","99 Homes","Feature Film","Ramin Bahrani","","7.1","112","2014","drama","19115","2014-08-29","http://www.imdb.com/title/tt2891174/"
"261","tt0268126","Tue Jan 26 10:10:54 2016","Tue Jan 26 10:10:54 2016","","Adaptation.","Feature Film","Spike Jonze","","7.7","114","2002","comedy, drama","147517","2002-12-06","http://www.imdb.com/title/tt0268126/"
"262","tt3774694","Wed Feb  3 05:32:32 2016","Wed Feb  3 05:32:32 2016","","Love","Feature Film","Gaspar Noé","","6.0","135","2015","drama, romance","22021","2015-05-20","http://www.imdb.com/title/tt3774694/"
"263","tt0114702","Wed Feb  3 05:42:27 2016","Wed Feb  3 05:42:27 2016","","Total Eclipse","Feature Film","Agnieszka Holland","","6.6","111","1995","biography, drama, romance","10897","1995-11-03","http://www.imdb.com/title/tt0114702/"
"264","tt3235888","Sun Feb  7 08:30:26 2016","Sun Feb  7 08:30:26 2016","","It Follows","Feature Film","David Robert Mitchell","","6.9","100","2014","horror, mystery","127547","2014-05-17","http://www.imdb.com/title/tt3235888/"
"265","tt2194499","Tue Feb 16 04:54:43 2016","Tue Feb 16 04:54:43 2016","","About Time","Feature Film","Richard Curtis","","7.8","123","2013","comedy, drama, fantasy, romance, sci_fi","215016","2013-06-27","http://www.imdb.com/title/tt2194499/"
"266","tt0485947","Mon Feb 22 00:33:36 2016","Mon Feb 22 00:33:36 2016","","Mr. Nobody","Feature Film","Jaco Van Dormael","","7.9","141","2009","drama, fantasy, romance, sci_fi","160384","2009-09-11","http://www.imdb.com/title/tt0485947/"
"267","tt0186151","Mon Feb 22 00:33:47 2016","Mon Feb 22 00:33:47 2016","","Frequency","Feature Film","Gregory Hoblit","","7.4","118","2000","crime, drama, mystery, sci_fi, thriller","84687","2000-04-28","http://www.imdb.com/title/tt0186151/"
"268","tt0139809","Mon Feb 22 00:34:06 2016","Mon Feb 22 00:34:06 2016","","The Thirteenth Floor","Feature Film","Josef Rusnak","","7.0","100","1999","mystery, sci_fi, thriller","53816","1999-04-16","http://www.imdb.com/title/tt0139809/"
"269","tt0366627","Mon Feb 22 00:35:06 2016","Mon Feb 22 00:35:06 2016","","The Jacket","Feature Film","John Maybury","","7.1","103","2005","drama, mystery, sci_fi, thriller","95343","2005-01-23","http://www.imdb.com/title/tt0366627/"
"270","tt0920470","Tue Mar  1 13:47:21 2016","Tue Mar  1 13:47:21 2016","","The Last Deadly Mission","Feature Film","Olivier Marchal","","6.7","125","2008","crime, drama, thriller","4891","2008-03-12","http://www.imdb.com/title/tt0920470/"
"271","tt4299972","Thu Mar  3 03:17:20 2016","Thu Mar  3 03:17:20 2016","","The Jinx: The Life and Deaths of Robert Durst","Mini-Series","","","8.8","279","2015","documentary","22258","2015-02-08","http://www.imdb.com/title/tt4299972/"
"272","tt0280224","Fri Mar 11 02:45:37 2016","Fri Mar 11 02:45:37 2016","","Ugly World","Feature Film","Rowland Kramer","","6.2","77","1974","crime, drama, thriller","62","1974","http://www.imdb.com/title/tt0280224/"
"273","tt0043456","Sat Mar 19 09:45:22 2016","Sat Mar 19 09:45:22 2016","","The Day the Earth Stood Still","Feature Film","Robert Wise","","7.8","92","1951","drama, sci_fi","65642","1951-09-18","http://www.imdb.com/title/tt0043456/"
"274","tt3696720","Wed Mar 23 10:06:26 2016","Wed Mar 23 10:06:26 2016","","Ascension","Mini-Series","","","7.2","231","2014","drama, sci_fi","13005","2014-12-15","http://www.imdb.com/title/tt3696720/"
"275","tt3792960","Mon Apr  4 06:46:21 2016","Mon Apr  4 06:46:21 2016","","The Brand New Testament","Feature Film","Jaco Van Dormael","","7.2","114","2015","comedy, fantasy","16844","2015-05-17","http://www.imdb.com/title/tt3792960/"
"276","tt4198004","Thu Apr 14 11:54:46 2016","Thu Apr 14 11:54:46 2016","","Second Born","Feature Film","Chan-wook Park","","","","????","sci_fi","","","http://www.imdb.com/title/tt4198004/"
"277","tt5247022","Thu Apr 14 11:55:14 2016","Thu Apr 14 11:55:14 2016","","Paterson","Feature Film","Jim Jarmusch","","7.7","118","2016","comedy, drama, romance","7041","2016-05-16","http://www.imdb.com/title/tt5247022/"
"278","tt4263482","Fri Apr 15 01:01:21 2016","Fri Apr 15 01:01:21 2016","","The Witch","Feature Film","Robert Eggers","","6.7","92","2015","horror, mystery","91570","2015-01-23","http://www.imdb.com/title/tt4263482/"
"279","tt0063663","Wed May  4 01:57:35 2016","Wed May  4 01:57:35 2016","","The Swimmer","Feature Film","Frank Perry","","7.7","95","1968","drama","6664","1968-05-15","http://www.imdb.com/title/tt0063663/"
"280","tt0064816","Wed May  4 01:57:56 2016","Wed May  4 01:57:56 2016","","La Piscine","Feature Film","Jacques Deray","","7.0","120","1969","crime, drama, romance","4912","1969-01-31","http://www.imdb.com/title/tt0064816/"
"281","tt1847672","Thu May 12 06:52:28 2016","Thu May 12 06:52:28 2016","","Remainder","Feature Film","Omer Fast","","5.9","103","2015","drama","510","2015-10-10","http://www.imdb.com/title/tt1847672/"
"282","tt5168192","Sun May 22 11:58:52 2016","Sun May 22 11:58:52 2016","","I, Daniel Blake","Feature Film","Ken Loach","","8.1","100","2016","drama","9510","2016-05-13","http://www.imdb.com/title/tt5168192/"
"283","tt1736633","Tue May 24 08:40:15 2016","Tue May 24 08:40:15 2016","","Oslo, August 31st","Feature Film","Joachim Trier","","7.6","95","2011","drama","14299","2011-05-18","http://www.imdb.com/title/tt1736633/"
"284","tt3141498","Fri May 27 02:48:56 2016","Fri May 27 02:48:56 2016","","The Nightmare","Feature Film","Akiz","","6.7","92","2015","drama, mystery","1317","2015-08-10","http://www.imdb.com/title/tt3141498/"
"285","tt0239020","Tue May 31 02:09:34 2016","Tue May 31 02:09:34 2016","","De grot","Feature Film","Martin Koolhoven","","6.7","90","2001","romance, thriller, crime, mystery","627","2001-08-26","http://www.imdb.com/title/tt0239020/"
"286","tt0423866","Mon Jun 13 16:27:53 2016","Mon Jun 13 16:27:53 2016","","3-Iron","Feature Film","Ki-duk Kim","","8.1","88","2004","crime, drama, romance","39953","2004-09-07","http://www.imdb.com/title/tt0423866/"
"287","tt1974419","Fri Jun 24 09:32:20 2016","Fri Jun 24 09:32:20 2016","","The Neon Demon","Feature Film","Nicolas Winding Refn","","6.3","118","2016","horror, thriller","42098","2016-05-20","http://www.imdb.com/title/tt1974419/"
"288","tt2649554","Mon Jul 11 02:04:38 2016","Mon Jul 11 02:04:38 2016","","Midnight Special","Feature Film","Jeff Nichols","","6.7","112","2016","adventure, drama, mystery, sci_fi, thriller","48849","2016-02-12","http://www.imdb.com/title/tt2649554/"
"289","tt1954315","Tue Jul 26 04:13:29 2016","Tue Jul 26 04:13:29 2016","","Borgman","Feature Film","Alex van Warmerdam","","6.8","113","2013","drama, thriller","12261","2013-05-19","http://www.imdb.com/title/tt1954315/"
"290","tt1661420","Sat Jul 30 15:57:10 2016","Sat Jul 30 15:57:10 2016","","Polisse","Feature Film","Maïwenn","","7.3","127","2011","crime, drama","11168","2011-05-13","http://www.imdb.com/title/tt1661420/"
"291","tt1596345","Sat Sep 10 13:53:07 2016","Sat Sep 10 13:53:07 2016","","Pawn Sacrifice","Feature Film","Edward Zwick","","7.0","115","2014","biography, drama, sport, thriller","25364","2014-09-11","http://www.imdb.com/title/tt1596345/"
"292","tt1790834","Tue Sep 13 01:19:43 2016","Tue Sep 13 01:19:43 2016","","Simon Killer","Feature Film","Antonio Campos","","6.3","101","2012","drama, thriller","3197","2012-01-20","http://www.imdb.com/title/tt1790834/"
"293","tt3835080","Sun Sep 18 08:26:42 2016","Sun Sep 18 08:26:42 2016","","31","Feature Film","Rob Zombie","","5.1","102","2016","horror, thriller","9052","2016-01-23","http://www.imdb.com/title/tt3835080/"
"294","tt4911940","Mon Sep 19 01:53:05 2016","Mon Sep 19 01:53:05 2016","","Tschick","Feature Film","Fatih Akin","","7.4","93","2016","comedy, drama, family","1130","2016-09-15","http://www.imdb.com/title/tt4911940/"
"295","tt0475784","Wed Sep 28 12:43:14 2016","Wed Sep 28 12:43:14 2016","","Westworld","TV Series","Jonathan Nolan","","9.1","60","2016","drama, mystery, sci_fi, western","136632","2016-10-02","http://www.imdb.com/title/tt0475784/"
"296","tt3397160","Mon Oct  3 02:54:16 2016","Mon Oct  3 02:54:16 2016","","Stefan Zweig: Farewell to Europe","Feature Film","Maria Schrader","","7.2","106","2016","drama","501","2016-06-02","http://www.imdb.com/title/tt3397160/"
"297","tt2425746","Mon Oct  3 02:55:00 2016","Mon Oct  3 02:55:00 2016","","Am Ende des Tages","TV Movie","Johannes Grieser","","5.4","89","2014","romance, thriller","38","2014-01-08","http://www.imdb.com/title/tt2425746/"
"298","tt2044739","Mon Oct  3 05:14:43 2016","Mon Oct  3 05:14:43 2016","","What a Difference a Day Makes","Feature Film","Peter Payer","","6.3","92","2011","crime, drama, thriller","115","2011-08-26","http://www.imdb.com/title/tt2044739/"
"299","tt0082136","Mon Oct  3 14:51:52 2016","Mon Oct  3 14:51:52 2016","","The Cannonball Run","Feature Film","Hal Needham","","6.1","95","1981","action, comedy, sport","26691","1981-06-19","http://www.imdb.com/title/tt0082136/"
"300","tt5278506","Tue Oct  4 21:55:16 2016","Tue Oct  4 21:55:16 2016","","Tickled","Documentary","David Farrier, Dylan Reeve","","7.6","92","2016","documentary","4878","2016-01-24","http://www.imdb.com/title/tt5278506/"
"301","tt2076220","Wed Oct  5 12:25:50 2016","Wed Oct  5 12:25:50 2016","","Holy Motors","Feature Film","Leos Carax","","7.1","115","2012","drama, fantasy","31129","2012-05-23","http://www.imdb.com/title/tt2076220/"
"302","tt0099446","Sun Oct  9 01:20:27 2016","Sun Oct  9 01:20:27 2016","","Dr. Petiot","Feature Film","Christian de Chalonge","","7.2","102","1990","biography, crime, drama","448","1990-09-19","http://www.imdb.com/title/tt0099446/"
"303","tt0853153","Fri Oct 14 13:16:54 2016","Fri Oct 14 13:16:54 2016","","Stuart: A Life Backwards","TV Movie","David Attwood","","8.0","92","2007","drama","5552","2007-09-23","http://www.imdb.com/title/tt0853153/"
"304","tt2395695","Sun Oct 16 15:35:46 2016","Sun Oct 16 15:35:46 2016","","Cosmos: A Spacetime Odyssey","Mini-Series","","","9.3","557","2014","documentary","66862","2014-03-09","http://www.imdb.com/title/tt2395695/"
"305","tt0070460","Fri Oct 21 12:43:49 2016","Fri Oct 21 12:43:49 2016","","Day for Night","Feature Film","François Truffaut","","8.1","115","1973","comedy, drama, romance","15107","1973-05-15","http://www.imdb.com/title/tt0070460/"
"306","tt0248103","Sun Oct 23 14:45:13 2016","Sun Oct 23 14:45:13 2016","","The State I Am In","Feature Film","Christian Petzold","","7.1","106","2000","drama","1588","2000-09-01","http://www.imdb.com/title/tt0248103/"
"307","tt3253930","Wed Oct 26 09:53:31 2016","Wed Oct 26 09:53:31 2016","","Marshland","Feature Film","Alberto Rodríguez","","7.3","105","2014","crime, thriller","18216","2014-09-19","http://www.imdb.com/title/tt3253930/"
"308","tt1258197","Mon Oct 31 15:43:46 2016","Mon Oct 31 15:43:46 2016","","Exam","Feature Film","Stuart Hazeldine","","6.9","101","2009","mystery, thriller","75647","2009-06","http://www.imdb.com/title/tt1258197/"
"309","tt1194238","Thu Nov 17 14:54:08 2016","Thu Nov 17 14:54:08 2016","","Polytechnique","Feature Film","Denis Villeneuve","","7.3","77","2009","crime, drama, history","6540","2009-02-06","http://www.imdb.com/title/tt1194238/"
"310","tt0347840","Sun Nov 20 04:28:50 2016","Sun Nov 20 04:28:50 2016","","Rabbits","Feature Film","David Lynch","","7.0","50","2002","drama, fantasy, horror, mystery, thriller","5278","2002","http://www.imdb.com/title/tt0347840/"
"311","tt0112688","Thu Nov 24 09:26:32 2016","Thu Nov 24 09:26:32 2016","","Clockers","Feature Film","Spike Lee","","6.9","128","1995","crime, drama, mystery","16990","1995-09-05","http://www.imdb.com/title/tt0112688/"
"312","tt4126438","Fri Dec  2 00:31:04 2016","Fri Dec  2 00:31:04 2016","","The Ones Below","Feature Film","David Farr","","6.1","87","2015","drama, thriller","5334","2015-09-13","http://www.imdb.com/title/tt4126438/"
"313","tt0044954","Thu Dec  8 00:14:13 2016","Thu Dec  8 00:14:13 2016","","The Narrow Margin","Feature Film","Richard Fleischer","","7.8","71","1952","film_noir, thriller","5286","1952-05-02","http://www.imdb.com/title/tt0044954/"
"314","tt4550098","Mon Dec 26 15:54:41 2016","Mon Dec 26 15:54:41 2016","","Nocturnal Animals","Feature Film","Tom Ford","","7.7","116","2016","drama, thriller","52140","2016-09-02","http://www.imdb.com/title/tt4550098/"
"315","tt0120184","Tue Dec 27 01:38:49 2016","Tue Dec 27 01:38:49 2016","","Sphere","Feature Film","Barry Levinson","","6.0","134","1998","drama, horror, mystery, sci_fi, thriller","84254","1998-02-13","http://www.imdb.com/title/tt0120184/"
"316","tt5173032","Thu Dec 29 15:55:57 2016","Thu Dec 29 15:55:57 2016","","Buster's Mal Heart","Feature Film","Sarah Adina Smith","","8.1","96","2016","drama, mystery","98","2016-09-11","http://www.imdb.com/title/tt5173032/"
"317","tt4016934","Wed Jan  4 06:16:52 2017","Wed Jan  4 06:16:52 2017","","The Handmaiden","Feature Film","Chan-wook Park","","8.1","144","2016","drama, mystery, romance, thriller","20657","2016-05-14","http://www.imdb.com/title/tt4016934/"
"318","tt1355644","Wed Jan  4 06:27:03 2017","Wed Jan  4 06:27:03 2017","","Passengers","Feature Film","Morten Tyldum","","7.1","116","2016","adventure, drama, romance, sci_fi","64918","2016-12-14","http://www.imdb.com/title/tt1355644/"
"319","tt0059448","Wed Jan  4 13:02:09 2017","Wed Jan  4 13:02:09 2017","","Mirage","Feature Film","Edward Dmytryk","","7.4","108","1965","mystery, thriller","2943","1965-05-26","http://www.imdb.com/title/tt0059448/"
"320","tt3510452","Thu Jan  5 10:50:46 2017","Thu Jan  5 10:50:46 2017","","Misunderstood","Feature Film","Asia Argento","","6.7","103","2014","drama","864","2014-05-22","http://www.imdb.com/title/tt3510452/"
"321","tt5078204","Sun Jan  8 13:56:42 2017","Sun Jan  8 13:56:42 2017","","Demain tout commence","Feature Film","Hugo Gélin","","7.3","118","2016","comedy, drama","1047","2016-11-04","http://www.imdb.com/title/tt5078204/"
"322","tt4048272","Sun Jan  8 22:18:25 2017","Sun Jan  8 22:18:25 2017","","Toni Erdmann","Feature Film","Maren Ade","","7.8","162","2016","comedy, drama","12805","2016-05-14","http://www.imdb.com/title/tt4048272/"
"323","tt3716530","Mon Jan  9 02:35:17 2017","Mon Jan  9 02:35:17 2017","","Elle","Feature Film","Paul Verhoeven","","7.3","130","2016","comedy, drama, thriller","18851","2016-05-21","http://www.imdb.com/title/tt3716530/"
"324","tt5311514","Tue Jan 17 03:23:55 2017","Tue Jan 17 03:23:55 2017","","Your Name","Feature Film","Makoto Shinkai","","8.7","106","2016","animation, drama, fantasy, romance","16486","2016-07-03","http://www.imdb.com/title/tt5311514/"
